id,title,category,new_category,status,created
1,'Together We Dance to Cure ALS' Zumba Campaign to Benefit Augie's Quest on Display in Rockefeller Center.,PR,,preview,4/1/14
2,10 Stress Management Techniques You Need to Know,Blog,think,published,10/6/17
3,A Quick Thought on Smoking Cessation,Blog,prevent,preview,2/18/16
4,About Meditation,Blog,think,preview,10/18/16
5,Anti-Aging Tips at Any Age: How to Stop Time,Blog,prevent,preview,8/14/17
6,Are E-cigarettes Beneficial or Harmful?,Blog,prevent,preview,10/26/16
7,"Are Preventive Exams Under Fire? No, but Quality of Care Is",Blog,prevent,preview,6/30/14
8,Are Sodium And Salt The Same?,Blog,eat,preview,9/7/16
9,Becoming A Secret Chef,Blog,eat,preview,3/13/17
10,Best Games to Play at the Beach This Summer,Blog,move,preview,8/1/17
11,Break the Absenteeism-Obesity Cycle via Employee Health Intervention,Blog,"eat, prevent",preview,12/8/14
12,Breast Cancer Awareness Month: What You Should Know,Blog,prevent,preview,10/1/17
13,CCCF's Super-Awesome Colon-O-Tron Raising Awareness of Colorectal Cancer in Rockefeller Plaza,PR,,preview,1/1/14
14,Chair Yoga Poses You’ll Love to Do at the Office,Blog,"move, prevent",preview,9/20/17
15,Check Out the Best Anti-Aging Foods,Blog,eat,preview,8/16/17
16,Check Out These Amazing Benefits of Walking,Blog,move,preview,10/16/17
17,Creating a Culture of Health,Blog,prevent,preview,6/28/16
18,CSC Teams Up with EHE International for Cancer Awareness Campaign,PR,,preview,7/1/15
19,Deciphering Seeming Contradictions in Health Media,Blog,prevent,preview,4/7/16
20,Domestic Violence and Abuse: What to Know and How to Get Help,Blog,prevent,preview,10/23/17
21,Don't Take a Holiday from Your Health,Blog,prevent,preview,12/29/14
22,"Dr. Tania Elliott, EHE Chief Medical Officer, Leads Initiative on New Telemedicine Guidelines",PR,,preview,11/14/17
23,Ebola Outbreak: Travel Health Precaution,Blog,prevent,preview,8/5/14
24,EHE and Hope Lodge 2013,Blog,prevent,preview,8/13/13
25,EHE Board Names Dr. David Levy as its New CEO,PR,,preview,8/16/17
26,EHE Canyon Ranch Giveaway — Official Contest Rules,Uncategorized,,preview,2/27/18
27,"EHE International Affirms Commitment to Privacy, Patient Record Security with SOC 2 Certification",PR,,preview,1/19/15
28,EHE International And LUNGevity Foundation Highlight The Hope And Promise Of Lung Cancer Research At Rockefeller Plaza Window Display,PR,,preview,4/12/12
29,EHE International and the Hartford Institute for Geriatric Nursing Highlight the Needs of an Aging Population at Rockefeller Plaza Window Display,PR,,preview,1/4/12
30,"EHE International and the Histiocytosis Association Ask You to ""Join in the Fight"" Against Histiocytosis",PR,,preview,8/2/12
31,EHE International and The Leukemia &amp; Lymphoma Society Showcase Advances in Blood Cancer Research and Patient Access in the Heart of Manhattan,PR,,preview,7/1/13
32,EHE International and the Light of Life Foundation Reminder to 'Check Your Neck' for Thyroid Cancer,PR,,preview,11/3/11
33,EHE International and the Women’s Heart Foundation deliver a critical message to Women for American Heart Month in NYC Window Display,PR,,preview,2/2/15
34,EHE International Announces Groundbreaking New Study in NYC That Aims to Reduce Nationwide Pedestrian Fatalities and Injuries,PR,,preview,1/22/15
35,EHE International Announces Nationwide Expansion of Its Physician Network,PR,,preview,8/14/12
36,EHE International Announces New Chief of Policy &amp; Regulatory Affairs Roy Ramthun,PR,,preview,1/10/15
37,"EHE International Celebrates Centennial with New Book: ""100 Years of Preventive Health""",PR,,preview,4/15/13
38,EHE International Certifies Advanced Family Medicine as its newest partner,PR,,preview,2/17/16
39,EHE International Certifies Adventist Bolingbrook Hospital as Its Newest Partner,PR,,preview,5/8/14
40,EHE International Certifies Arizona Primary Care as its newest partner,PR,,preview,10/28/15
41,EHE International Certifies Auburn Internal Medicine as its newest partner,PR,,preview,4/28/13
42,EHE International Certifies Austin Diagnostic Clinic as Its Newest Partner,PR,,preview,10/30/14
43,EHE International Certifies Bethany Medical Center as its Newest Partner,PR,,preview,1/22/14
44,"EHE International Certifies Boyd Internal Medicine, P.C. as Its Newest Partner",PR,,preview,12/2/14
45,EHE International Certifies Bullock Family Medicine as its Newest Partner,PR,,preview,12/7/12
46,EHE International Certifies Burick Center for Health and Wellness as its newest partner,PR,,preview,2/25/14
47,"EHE International Certifies Castle Hills Family Practice in San Antonio, TX as Newest Partner,",PR,,preview,11/14/13
48,EHE International Certifies Center for Occupational Health &amp; Wellness as its Newest Partner,PR,,preview,1/10/13
49,EHE International Certifies Central Vermont Medical Center as its Newest Partner,PR,,preview,1/18/13
50,EHE International Certifies City Doc – Fort Worth as its Newest Partner,PR,,preview,12/16/15
51,EHE International Certifies City Docs as Its Newest Partner,PR,,preview,12/8/13
52,EHE International Certifies Clark Occupational Medicine Services as Its Newest Partner,PR,,preview,7/11/14
53,EHE International Certifies Clifford Family Practice as its Newest Partner,PR,,preview,3/22/16
54,EHE International Certifies Columbia Primary Care Associates as its Newest Partner,PR,,preview,3/23/16
55,EHE International Certifies David Abrams M.D. as Its Newest Partner,PR,,preview,9/16/14
56,EHE International Certifies Diamond Family Medicine as Its Newest Partner,PR,,preview,9/16/14
57,"EHE International Certifies Dignity Health Medical Group Nevada, LLC as Its Newest Partner",PR,,preview,7/21/14
58,"EHE International Certifies Dr. Alma L. Parker II, M.D. &amp; Ashley Regional Medical Center as its Newest Partner",PR,,preview,1/28/14
59,"EHE International Certifies Dr. Charles W. Dickerson, MD as its Newest Partner",PR,,preview,1/28/14
60,EHE International Certifies Dr. Claudia Mercado as Its Newest Partner,PR,,preview,1/8/14
61,"EHE International Certifies Dr. Donna Canney, M.D. as its Newest Partner",PR,,preview,12/10/12
62,EHE International Certifies Dr. Harry Ardolino M.D as its Newest Partner,PR,,preview,1/18/12
63,EHE International Certifies Dr. Kelly King with Aspen Leaf Internal Medicine as its Newest Partner,PR,,preview,1/28/14
64,"EHE International Certifies Dr. William Condrell, MD PC as Its Newest Partner",PR,,preview,12/2/14
65,EHE International Certifies Drexel University College of Medicine as Preventive Care Center,PR,,preview,5/29/12
66,EHE International Certifies Dunwoody Village Clinic as its Newest Partner,PR,,preview,3/22/16
67,EHE International Certifies Edinburg Regional Medical Center as Its Newest Partner,PR,,preview,1/7/14
68,EHE International Certifies Elevation Physicians as its newest partner,PR,,preview,2/16/16
69,EHE International Certifies Emory at Duluth as Its Newest Partner,PR,,preview,12/12/13
70,EHE International Certifies Emory at East Cobb as Its Newest Partner,PR,,preview,12/12/13
71,EHE International Certifies Good Shepherd Medical Center-Taylor Medical Center as Its Newest Partner,PR,,preview,6/11/14
72,EHE International Certifies Griffin Hospital Occupational Medical Center As Its Newest Partner,PR,,preview,8/5/13
73,"EHE International Certifies Health Dynamics, Glendale, Wisconsin as its newest partner",PR,,preview,7/21/15
74,EHE International Certifies Horn Lake Family Practice as its Newest Partner,PR,,preview,11/17/15
75,EHE International Certifies Howard University Hospital as its Newest Partner,PR,,preview,1/29/16
76,EHE International Certifies I-27 Medical Center as Its Newest Partner,PR,,preview,10/30/14
77,EHE International Certifies Insight Primary Care as its Newest Partner,PR,,preview,12/9/15
78,EHE International Certifies Integrated Health Solutions as its Newest Partner,PR,,preview,12/9/15
79,EHE International Certifies Internal Medicine and Family Physicians as its newest partner,PR,,preview,4/9/15
80,EHE International Certifies Internal Medicine Consultants of Northwest Indiana as Its Newest Partner,PR,,preview,10/22/14
81,EHE International Certifies Internal Medicine of St. Lukes as its Newest Partner,PR,,preview,1/29/16
82,"EHE International Certifies Inverness Family Medicine, LLC as its newest partner",PR,,preview,6/5/13
83,EHE International Certifies Jefferson City Medical Group as its Newest Partner,PR,,preview,1/10/13
84,EHE International Certifies Kaizen Total Wellness,PR,,preview,10/17/13
85,"EHE International Certifies LifeCare Medical Associates, PC as Its Newest Partner",PR,,preview,7/21/14
86,EHE International Certifies Lifewellness Institute as Its Newest Partner,PR,,preview,5/15/14
87,EHE International Certifies Lourdes Physician Group – Dr. Callais as Its Newest Partner,PR,,preview,12/22/14
88,"EHE International Certifies MHS Primary Care, Inc as its newest partner",PR,,preview,7/8/15
89,EHE International Certifies MUSC Physician Primary Care – Primary Care North as its Newest Partner,PR,,preview,1/29/14
90,"EHE International Certifies NeuroMed Plus, Inc. as its newest partner",PR,,preview,5/5/15
91,EHE International Certifies Newport Center Medical Group as its newest partner,PR,,preview,7/9/15
92,EHE International Certifies North Providence Primary Care as Its Newest Partner,PR,,preview,11/13/13
93,EHE International Certifies Northeast Tarrant Internal Medicine Associates as its newest partner,PR,,preview,7/21/15
94,EHE International Certifies Northwest Family Medicine - Lowell as Its Newest Partner,PR,,preview,1/8/14
95,"EHE International Certifies Occupational Medicine Consultants in Edina, MN as Its Newest Partner",PR,,preview,10/13/13
96,EHE International Certifies Old Henry Family Practice as Its Newest Partner,PR,,preview,12/2/14
97,EHE International Certifies Our Lady of Lourdes Regional Medical Center as Its Newest Partner,PR,,preview,1/6/14
98,"EHE International Certifies Personal Care Physicians, LLC as its newest partner",PR,,preview,10/27/15
99,EHE International Certifies Perspective Health and Wellness as its newest partner,PR,,preview,8/5/13
100,EHE International Certifies Pinnacle Hospital,PR,,preview,10/18/13
101,"EHE International Certifies Primary Care Group, LLC-MidSouth Family Health as Its Newest Partner",PR,,preview,4/22/14
102,"EHE International Certifies Prime Healthcare, Avon, CT as its newest partner",PR,,preview,7/8/15
103,"EHE International Certifies Prime Healthcare, Avon, CT as its newest partner",PR,,preview,7/7/15
104,EHE International Certifies ProCare Medical Center,PR,,preview,10/3/13
105,EHE International Certifies Progressive Physician Associates as Its Newest Partner,PR,,preview,12/12/13
106,EHE International Certifies Pulse Occupational Medicine - Buffalo as Its Newest Partner,PR,,preview,10/22/14
107,EHE International Certifies Pulse Occupational Medicine - Henrietta as Its Newest Partner,PR,,preview,10/22/14
108,EHE International Certifies Pulse Occupational Medicine –Orchard Park as Its Newest Partner,PR,,preview,9/22/14
109,EHE International Certifies Rapha Primary Care Center as Its Newest Partner,PR,,preview,5/15/14
110,EHE International Certifies Riverside Family Medicine as its Newest Partner,PR,,preview,2/12/13
111,EHE International Certifies Rocky Mountain Family Medicine as its Newest Partner,PR,,preview,1/22/14
112,EHE International Certifies Saddleback Memorial Heart &amp; Wellness Center as its newest partner,PR,,preview,7/7/15
113,EHE International Certifies San Antonio Wellness Institute as its Newest Partner,PR,,preview,1/29/14
114,EHE International Certifies Sanford Health Occupational Health - Bismarck,PR,,preview,10/18/13
115,EHE International Certifies Saratoga Hospital as Its Newest Partner,PR,,preview,5/8/14
116,EHE International Certifies Scotland Memorial Hospital as its Newest Partner,PR,,preview,3/4/13
117,"EHE International Certifies Scottsdale Private Physicians, LLC as its newest partner",PR,,preview,7/9/15
118,EHE International Certifies SMG Occupational Medicine-Kempsville as Its Newest Partner,PR,,preview,1/7/15
119,EHE International Certifies Southern Plains Medical Center as Its Newest Partner,PR,,preview,12/13/13
120,EHE International Certifies Southwestern Medical Center as Its Newest Partner,PR,,preview,12/12/13
121,EHE International Certifies Speck Health as its newest partner,PR,,preview,8/20/15
122,EHE International Certifies St. David's HealthCare,PR,,preview,10/3/13
123,EHE International Certifies St. Vincent's First Care as its Newest Partner,PR,,preview,1/18/13
124,EHE International Certifies Sweet Water Medical Center as Its Newest Partner,PR,,preview,12/12/13
125,EHE International Certifies Texas Internal Medicine Associates,PR,,preview,10/17/13
126,"EHE International Certifies the Office of Christopher Ley, MD as its newest partner",PR,,preview,4/8/15
127,"EHE International Certifies the Office of Romeo P. Papica II, MD, PA as its newest partner",PR,,preview,4/7/15
128,EHE International Certifies the Sarasota Center as its Newest Partner,PR,,preview,12/10/15
129,EHE International Certifies Thunderbird Internal Medicine as its newest partner,PR,,preview,8/27/13
130,EHE International Certifies Total Access Medical as its Newest Partner,PR,,preview,1/29/16
131,EHE International Certifies Trinity Medical Group as its Newest Partner,PR,,preview,1/16/13
132,EHE International Certifies University Hospital &amp; Clinics – Lafayette General Medical Center as Its Newest Partner,PR,,preview,1/7/14
133,EHE International Certifies West End Medical Center as its newest partner,PR,,preview,6/5/13
134,"EHE International Certifies WNY Medical, Primary Care as its Newest Partner",PR,,preview,1/10/13
135,"EHE International Certifies Woodlands Internists, P.C. as its Newest Partner",PR,,preview,1/21/13
136,EHE International Congratulates ASPO Distinguished Achievement Award Honoree Dr. Alfred I. Neugut,PR,,preview,3/16/16
137,"EHE International Congratulates Dr. Dee Edington, Recipient of the Health Enhancement Research Organization's Mark Dundon Research Award",PR,,preview,10/6/14
138,"EHE International Congratulates Dr. Herbert Insel, M.D., on Being Honored for Excellence in Cardiology",PR,,preview,8/12/15
139,"EHE International Congratulates Executive and Ironman, David Fouse",PR,,preview,12/3/15
140,EHE International Congratulates Winners of the 2014 C. Everett Koop National Health Award for Efforts to Improve Employee Health and Reduce Costs,PR,,preview,10/2/14
141,EHE International Congratulates Winners of the 2015 C. Everett Koop National Health Award for Efforts to Improve Employee Health and Reduce Costs,PR,,preview,9/30/15
142,EHE International Donates Display Window to Help Raise Awareness about Alzheimer's Disease,PR,,preview,10/1/13
143,"EHE International Donates Rockefeller Center Window Display to the Endometriosis Foundation of America's ""Killer Cramps Are NOT Normal"" Campaign",PR,,preview,1/3/14
144,EHE International Donates Window Display for Lung Cancer Awareness Month,PR,,preview,11/1/13
145,EHE International Donates Window Display to National Headache Foundation in order to Spread the Word at Rockefeller Center,PR,,preview,7/1/14
146,EHE International Donates Window Display to National Kidney Foundation,PR,,preview,7/1/14
147,EHE International Donates Window Display to the DeGregorio Family Foundation Supporting Research &amp; Education for Stomach and Esophageal Cancer,PR,,preview,11/3/14
148,EHE International Expands Prevention Network to all 50 States,PR,,preview,7/29/13
149,EHE International Features 2012 Red Dress Campaign To Highlight Heart Health Awareness Month,PR,,preview,2/1/12
150,EHE International Gifts Helps Cancer Patients in NY,PR,,preview,5/30/13
151,EHE International Hosts 10th Annual Red Dress Photo Shoot to Promote Heart Health for Women,PR,,preview,10/22/12
152,EHE International Joins Forces With Arms Wide Open Childhood Cancer Foundation To Increase Awareness Of Childhood Cancer,PR,,preview,12/1/12
153,EHE International Joins Forces With Entertainment Industry Foundation's National Colorectal Cancer Research Alliance And The CDC To Encourage Screening,PR,,preview,3/2/12
154,EHE International Joins Forces with Stand Up To Cancer in Rockefeller Center Window Display,PR,,preview,3/2/15
155,EHE International Joins Forces With Tuberous Sclerosis Alliance To Increase Awareness Of Rare Genetic Disease,PR,,preview,5/3/12
156,EHE International Joins Health Enhancement Research Organization’s Think Tank,PR,,preview,3/22/16
157,EHE International Launches 10th Annual Red Dress Campaign To Promote Heart Health for Women,PR,,preview,3/16/17
158,"EHE International Names New CEO, Expands Executive Leadership",PR,,preview,9/24/16
159,EHE International Partners with IAVA on Veteran Mental Health Ad Campaign,PR,,preview,4/1/15
160,EHE International Partners with MSF to Share Powerful Multiple Sclerosis Awareness Campaign,PR,,preview,6/1/15
161,EHE International President Deborah McKeever Joins American Cancer Society's Women's Committee for Hope,PR,,preview,4/22/13
162,EHE International Proudly Announces Dr. Herbert A. Insel's Addition To Prestigious Cardiology Publication,PR,,preview,4/12/12
163,EHE International Proudly Announces New Physicians In Stamford,PR,,preview,5/2/12
164,EHE International Releases Historical Keepsake Book,PR,,preview,3/16/17
165,EHE International Releases Statement on ACC/AHA Guideline for Management of Blood Cholesterol,PR,,preview,12/10/13
166,EHE International Reports 30-Percent Growth in New Exam Sites,PR,,preview,12/19/12
167,EHE International Responds to Controversial New Multivitamin Research,PR,,preview,11/19/13
168,EHE International Selects Project A.L.S. to Raise Awareness of Brain Disease Epidemic,PR,,preview,4/2/13
169,EHE International Showcases a Window to Celebrate the American Cancer Society's 100th Birthday in Rockefeller Center Plaza,PR,,preview,4/30/13
170,EHE International Showcases Bachmann-Strauss Foundation’s Awareness Campaign at Rockefeller Center,PR,,preview,9/1/14
171,EHE International Showcases CHRISTOPHER & DANA REEVE FOUNDATION AND SPINAL CORD AWARENESS MONTH,PR,,preview,9/3/13
172,EHE International Showcases Lupus Research Institute’s “Window on Lupus 2020” in Rockefeller Plaza,PR,,preview,5/1/15
173,EHE International Showcases National Colorectal Cancer Research Alliance and CDC's Screen for Life Campaign,PR,,preview,10/1/15
174,"EHE International Showcases S.L.E. Lupus Foundation's ""Faces of Lupus"" Window In Rockefeller Center Plaza",PR,,preview,3/16/17
175,EHE International Showcases The Fisher Center for Alzheimer’s Research Foundation Campaign,PR,,preview,11/3/15
176,EHE International Showcases the National Tourette Syndrome Association Window Display in Rockefeller Center Plaza,PR,,preview,8/1/13
177,EHE International Showcases The Skin Cancer Foundation’s Go with Your Own Glow™ Anti-Tanning Campaign in Rockefeller Center,PR,,preview,5/1/14
178,EHE International Showcases The Skin Cancer Foundation’s Go with Your Own Glow™ Anti-Tanning Campaign in Rockefeller Center,PR,,preview,8/4/14
179,EHE International Showcases United Cerebral Palsy of New York City’s Disability Awareness Campaign,PR,,preview,9/1/15
180,"EHE International Sponsors 100-Mile Runner, Raises Awareness for Employee Preventive Health Programs",PR,,preview,10/16/14
181,EHE International Supports SHADE Foundation in Mission to Fight Skin Cancer,PR,,preview,6/5/12
182,EHE International Supports the SHADE Foundation of America and the Melanoma Research Foundation to Raise Awareness for Skin Cancer,PR,,preview,3/16/17
183,"EHE private provider network continues to expand as more employers realize the benefits of proactive preventive health, annual exams",PR,,preview,12/12/13
184,EHE Showcases CurePSP Prime of Life Neurodegeneration Awareness Campaign,PR,,preview,2/1/16
185,EHE Showcases the Boomer Esiason Foundation’s Cystic Fibrosis Awareness Campaign,PR,,preview,12/2/15
186,EHE Showcases The John A. Hartford Foundation Campaign to Celebrate and Support Family Caregivers of Older Adults,PR,,preview,3/1/16
187,EHE Showcases the Leukemia &amp; Lymphoma Society Blood Cancer Awareness Campaign,PR,,preview,1/4/16
188,EHE Welcomes New Doctors to Expanding Physicians Network,Uncategorized,,preview,8/11/17
189,EHE Welcomes Susan Fanciullo as Our Vice President of Client Success,PR,,preview,8/10/17
190,Embracing One's Own Body,Blog,"eat, move, think, prevent",preview,4/13/16
191,Employee Health - The Next Frontier in Corporate Strategy,Blog,prevent,preview,12/18/14
192,En Vogue: Strength Training for Women,Blog,move,preview,10/27/15
193,Energy Drinks And Their Ingredients,Blog,eat,preview,9/12/16
194,Enjoy the Remarkable Benefits of Exercise,Blog,"move, prevent",preview,8/17/17
195,Fashion Industry Supports Lupus Science and Service with Style,PR,,preview,3/16/17
196,Finding the Motivation to Stay Motivated,Blog,"eat, move, think",preview,1/24/17
197,Flu Symptoms You Need to Know,Blog,prevent,preview,12/1/17
198,Food Expiration and Safety,Blog,"eat, prevent",preview,10/12/16
199,Healthy Eating Patterns,Blog,eat,preview,4/14/14
200,Here Are 12 Great Staycation Ideas Your Family Will Love,Blog,"eat, move, think, prevent",preview,8/7/17
201,Here Are the Best Foods for Skin That Glows,Blog,eat,preview,8/29/17
202,How Can I Improve My Digestive Health?,Blog,"eat, prevent",preview,7/20/16
203,How Do I Attain Good Oral Hygiene?,Blog,"eat, prevent",preview,8/9/16
204,How Do I Begin a Running Program?,Blog,move,preview,6/21/16
205,How Do I Prevent Cognitive Impairment and Dementia?,Blog,think,preview,6/15/16
206,How Do I Prevent Knee Injury?,Blog,"move, prevent",preview,7/27/16
207,How Health Coaching Can Change Your Life,Blog,"eat, move, think, prevent",preview,2/10/18
208,How Much Sleep Is Enough?,Blog,think,preview,6/1/16
209,How to Allergy-Proof Your Home,Blog,prevent,preview,3/8/17
210,How to Avoid Overeating During the Holidays,Blog,eat,preview,11/20/17
211,How to Benefit from Good Posture,Blog,move,preview,9/13/17
212,How to Boost Your Immunity,Blog,prevent,preview,1/3/18
213,How to Build a Healthy Workforce,Blog,prevent,preview,9/11/17
214,How to Cope with Seasonal Affective Disorder,Blog,think,preview,12/28/17
215,How to Eliminate Stress with Relaxation Therapy,Blog,think,preview,10/2/17
216,How to Get the Hydration You Need,Blog,eat,preview,1/5/18
217,How to Have Good Sleep Hygiene,Blog,think,preview,11/29/17
218,How to Keep Good Sleep Hygiene,Blog,think,preview,3/22/16
219,How to Lower Risk of Peanut Allergy in Children,Blog,"eat, prevent",preview,11/13/17
220,How to Lower Your Risk of Colon Cancer,Blog,prevent,preview,3/5/18
221,How To Make Lasting Change,Blog,"eat, move, think",preview,1/17/17
222,How to Meditate If You're Just Starting Out,Blog,think,preview,1/15/18
223,How to Motivate Others to Get Healthy,Blog,"eat, move, think, prevent",preview,1/5/18
224,How to Recognize Types of Depression,Blog,think,preview,10/5/17
225,How to Reverse Insulin Resistance and Prediabetes,Blog,prevent,preview,11/6/17
226,How to Soothe Your Holiday Stress,Blog,think,preview,12/8/17
227,How to Spread Good Health with Holiday Gifts,Blog,"eat, move, think",preview,12/8/17
228,How to Stay Fit No Matter How Old You Are,Blog,move,preview,2/20/18
229,How to Stay Healthy During Holiday Travel,Blog,prevent,preview,12/20/17
230,How to Stop Food Allergy Bullying,Blog,eat,preview,1/18/17
231,How to Use Your Wearable Fitness Tracker,Blog,move,preview,12/25/17
232,How Unhealthy is Eating Outside Food?,Blog,eat,preview,8/7/16
233,How Vascular Screening Can Save Your Life,Blog,prevent,preview,2/20/18
234,How Walking Meditation Can Make You Mindful and More Healthy,Blog,"move, think",preview,10/18/17
235,How Your Vacation Time Makes You Healthy,Blog,"think, prevent",preview,3/12/18
236,Importance of Regular Physical Exams,Blog,prevent,preview,7/11/16
237,Increase your IQ with Cognitive Fitness,Blog,think,preview,2/4/16
238,Is Tryptophan Really Bad For You?,Blog,eat ,preview,11/22/17
239,Is Your Corporate Preventive Health Program a Compliance Risk?,PR,,preview,5/31/16
240,Join a Charity Walk for Great Fun and Fitness,Blog,move,preview,10/24/17
241,June is National Safety Month: Here’s What You Should Know,Blog,prevent,preview,6/7/17
242,Komen Greater NYC Unveils its “Creating More Breast Cancer Survivors” Window Display at Rockefeller Plaza on October 1,PR,,preview,10/1/14
243,Lighthouse Guild and EHE International Partner to Raise Awareness,PR,,preview,1/2/15
244,Lower Your Risk of Falling with Balance Training,Blog,"move, prevent",preview,4/26/16
245,Make the Most of Men's Health Month with Our Tips,Blog,prevent,preview,6/7/17
246,Manage Your Stress with these Techniques,Blog,think,preview,3/29/16
247,Measles Symptoms: How to Recognize the Illness,Blog,prevent,preview,8/23/17
248,National Breast Cancer Awareness Month: What You Need to Know,Blog,prevent,preview,10/13/17
249,National Ovarian Cancer Coalition Featured in Rockefeller Center to Raise Awareness and Promote Education,PR,,preview,8/10/14
250,Naturally Occurring Sugars Versus Added Sugars,Blog,eat ,preview,8/23/16
251,New Research Finds Body Mass Index (BMI) Reliable Indicator of Obesity-Related Health Risks,PR,,preview,1/14/13
252,News in Travel Medicine: Swine Flu Outbreak in Middle East,Blog,prevent,preview,12/9/15
253,Nurses Are the Foundation of Employee Health,Blog,prevent,preview,10/6/14
254,"October 1, 2013 is ""EHE International Day"" in New York City",PR,,preview,10/1/13
255,Outdoor Yoga Is an Amazing Way to Get Fit and Have Fun,Blog,move,preview,7/19/17
256,Pre-Travel Medicine: Protect Your Health When Traveling,Blog,prevent,preview,6/24/14
257,Preferred Source of Vitamins,Blog,eat,preview,1/28/16
258,Preventing Workplace Stress,Blog,think,preview,11/10/14
259,Preventive Care Goes Every Step with Runner,Blog,"move, prevent",preview,10/20/14
260,Preventive Exams Not a C-Suite Luxury,Blog,prevent,preview,7/14/14
261,Prostate Cancer Risk Factors: What You Should Know,Blog,prevent,preview,9/7/17
262,Prostate Cancer: What You Need to Know,Blog,prevent,preview,9/5/17
263,Recommendations For Fat Intake,Blog,eat,preview,10/4/16
264,Recommendations For Strength Training,Blog,move,preview,9/21/16
265,Rockefeller Plaza Window Display Features Lighthouse International's 'Will I Be Able to Read' Campaign donated by EHE International,PR,,preview,1/3/13
266,Rockefeller Plaza Window Display Raising Awareness for Crohn's Disease and Ulcerative Colitis Generously Donated by EHE International,PR,,preview,7/3/12
267,Should You Change Your Eating Pattern?,Blog,eat,preview,4/19/16
268,Should You Separate Your Emotions from a Decision?,Blog,think,preview,3/8/16
269,Study Shows that Early Detection of HIV is Critical,Blog,prevent,preview,12/9/15
270,"Sugar Is Scary, So Be Careful with Halloween Candy",Blog,eat,preview,10/31/17
271,"Tania Elliott M.D., FAAAAI, FACAAI, Named Chief Medical Officer at EHE",PR,,preview,8/10/17
272,The 13 Essential Vitamins,Blog,eat,preview,5/10/16
273,The Benefits of Physical Activity,Blog,move,preview,2/10/16
274,The Best Brain Food for Boosting Your Mental Wellness,Blog,"eat, think",preview,10/10/17
275,The Dangers and Risks of Distracted Driving and the Facts You Need to Know,Uncategorized,"think, prevent",preview,6/21/17
276,"The FDA Approves of Hormones in Food, But What About You?",Blog,eat ,preview,1/21/16
277,The Health Benefits of Meditation,Blog,"think, prevent",preview,2/26/16
278,The Hidden Heart Disease Symptoms You Need to Know,Blog,prevent,preview,2/13/18
279,The Max Cure Foundation and EHE International Inspire Holiday Spirit at Rockefeller Center,PR,,preview,12/2/13
280,"The Max Cure Foundation Invites People to ""Roar for a Cure"" for Pediatric Cancer",PR,,preview,12/2/14
281,The Most Popular Outdoor Sports to Enjoy for Summer,Blog,move,preview,6/21/17
282,"The Red Dress Campaign Arrives at the ""Rhythms of Infinity"" Wall at 30 Rock",Blog,prevent,preview,2/13/13
283,The Women of EHE International Celebrate Ten Years of Going Red For Heart Health,PR,,preview,3/16/17
284,There’s No Supplement for Healthy Eating,Blog,eat,preview,7/7/14
285,These Are Diabetes Symptoms You Should Know,Blog,prevent,preview,11/2/17
286,These Are The Best Energy Foods,Blog,eat,preview,12/15/17
287,These Are the Best Mood-Boosting Foods,Blog,"eat, think",published,3/12/18
288,These Are the Best Stress Relief Toys and Tools,Blog,think,preview,12/15/17
289,These Are the Best Ways to Use Outdoor Space at Work,Blog,"move, prevent",preview,8/9/17
290,These Are the Common Vaccines You Need to Know,Blog,prevent,preview,8/21/17
291,These Healthy Coffee Alternatives Are Fantastic,Blog,eat,preview,1/28/18
292,These Healthy Snacks Will Power You All Day,Blog,eat,preview,9/15/17
293,This Is How Sleep Deprivation Hurts Mental Health,Blog,think,preview,11/3/17
294,This Is What Sugar Does to You,Blog,eat,preview,1/15/18
295,Top 5 Important Reasons You Should Always Wear Sunscreen,Blog,prevent,preview,7/14/17
296,Top Ten Symptoms of Stress and Skills for Management,Blog,think,preview,6/7/17
297,Understanding Heartburn,Blog,"eat, prevent",preview,9/27/16
298,Walking Tours,Blog,"move, prevent",preview,4/25/17
299,What Are The Different Types Of Yoga?,Blog,move,preview,6/8/16
300,What Are The Health Benefits Of Optimism?,Blog,think,preview,5/23/16
301,What Causes Depression?,Blog,think,preview,5/17/16
302,What Dehydration Symptoms Should I Know About?,Blog,"eat, prevent",preview,1/6/18
303,What Does It Mean When You Have Gluten Sensitivity?,Blog,"eat, prevent",preview,3/6/18
304,What is Distracted Driving?,Blog,think,preview,8/2/16
305,What Should I Know About Allergic Rhinitis?,Blog,prevent,preview,3/1/17
306,What to Know About Estrogen and Breast Cancer,Blog,prevent,preview,10/20/17
307,What To Look For When Reading Health News,Blog,prevent,preview,7/6/16
308,What Women Should Know About Heart Disease,Blog,prevent,preview,2/20/18
309,What You Can Do About a Makeup Allergy,Blog,prevent,preview,1/18/17
310,What You Need to Know About Hives,Blog,prevent,preview,1/10/18
311,What You Need to Know About Travel Medicine,Blog,prevent,preview,8/4/17
312,What You Should Know About COPD,Blog,prevent,preview,11/9/17
313,What You Should Know About Lung Cancer,Blog,prevent,preview,11/7/17
314,What You Should Know About Mammograms,Blog,prevent,preview,10/25/17
315,What You Should Know About the MMR Vaccine,Blog,prevent,preview,8/25/17
316,Why Brain Training Is Important for You to Do,Blog,think,preview,3/12/18
317,Why Is My Family's Health History Important?,Blog,prevent,preview,8/30/16
318,Why Recess For Adults Is So Important,Blog,"eat, move, think, prevent",preview,7/19/17
319,Why Should You Get Regular Physical Exams?,Blog,prevent,preview,5/3/16
320,Why You Need to Power Nap,Blog,think,preview,12/15/17
321,Why You Should Get a Flu Shot,Blog,prevent,preview,12/4/17
322,Workplace Wellness Creates Healthy Business,Blog,prevent,preview,7/22/14